{
    "n_layers": 3,
    "activation": "tanh",
    "dropout": 0.4908827755319729,
    "lr": 0.000884929898545988,
    "batch_size": 64,
    "n_units_0": 124,
    "n_units_1": 105,
    "n_units_2": 74
}