{
    "n_layers": 3,
    "activation": "elu",
    "dropout": 0.20948482761447504,
    "lr": 0.0035188086852455556,
    "batch_size": 64,
    "n_units_0": 41,
    "n_units_1": 60,
    "n_units_2": 68
}